Data set,Hidden Layers,h1 nodes,h2 nodes,learning rate,momentum,batch size,batches,epochs,loss1,loss2,
Cancer,0,0,0,0.1,0,20,32,5000,94.28571428571428,94.28571428571428
Cancer,0,0,0,0.1,0,50,13,5000,94.28571428571428,94.28571428571428
Cancer,0,0,0,0.1,0,10,63,5000,94.28571428571428,94.28571428571428
